Workbook

Sheet PRODUTOS
A1: id | B1: name | C1: price | D1: unitType | E1: step | F1: min | G1: category | H1: image | I1: priceReal
A2: 1 | B2: Tomate | C2: =I2 * (1 + CONFIG!F$1) -> 10.479 | D2: weight | E2: 0.5 | F2: 0.5 | G2: legumes | H2: https://www.confianca.com.br/ccstore/v1/images/?source=/file/v5439388281595603801/products/1145568.1.jpg&height=940&width=940 | I2: 9.98
A3: 2 | B3: Banana Prata 1kg - Aproximadamente 8 Unidades | C3: =I3 * (1 + CONFIG!F$1) -> 12.5475 | D3: weight | E3: 1 | F3: 1 | G3: frutas | H3: https://www.confianca.com.br/ccstore/v1/images/?source=/file/v6756651073244377096/products/1144766.1.jpg&height=940&width=940 | I3: 11.95
A4: 3 | B4: Alface Crespa Ecorgânico | C4: =I4 * (1 + CONFIG!F$1) -> 9.4395 | D4: unit | E4: 1 | F4: 1 | G4: folhas | H4: https://www.confianca.com.br/ccstore/v1/images/?source=/file/v5406741644758650523/products/261009.1.jpg&height=940&width=940 | I4: 8.99
A5: 4 | B5: Alface Yamaguti Americana Hidropônica Maço | C5: =I5 * (1 + CONFIG!F$1) -> 9.4395 | D5: unit | E5: 1 | F5: 1 | G5: folhas | H5: https://www.confianca.com.br/ccstore/v1/images/?source=/file/v2870982347532076736/products/1693905.1.jpg&height=940&width=940 | I5: 8.99
A6: 5 | B6: Couve Maço Unidade | C6: =I6 * (1 + CONFIG!F$1) -> 10.4895 | D6: unit | E6: 1 | F6: 1 | G6: folhas | H6: https://obahortifruti.vtexassets.com/arquivos/ids/11481999-630-630 | I6: 9.99
A7: 6 | B7: Couve Manteiga Orgânica 250g | C7: =I7 * (1 + CONFIG!F$1) -> 15.7395 | D7: weight | E7: 0.25 | F7: 0.25 | G7: folhas | H7: https://obahortifruti.vtexassets.com/arquivos/ids/11473637-630-630 | I7: 14.99
A8: 7 | B8: Repolho Roxo | C8: =I8 * (1 + CONFIG!F$1) -> 15.729 | D8: unit | E8: 1 | F8: 1 | G8: legumes | H8: https://obahortifruti.vtexassets.com/arquivos/ids/8446424-630-630 | I8: 14.98
A9: 8 | B9: Agrião Com Rúcula Higienizado Pronto! 160 G | C9: =I9 * (1 + CONFIG!F$1) -> 13.6395 | D9: weight | E9: 0.16 | F9: 0.16 | G9: folhas | H9: https://obahortifruti.vtexassets.com/arquivos/ids/9025949-630-630 | I9: 12.99
A10: 9 | B10: Laranja Pera Pacote 5 Kg | C10: =I10 * (1 + CONFIG!F$1) -> 47.2395 | D10: unit | E10: 1 | F10: 1 | G10: frutas | H10: https://obahortifruti.vtexassets.com/arquivos/ids/8447088-630-630 | I10: 44.99
A11: 10 | B11: Laranja Pera Rio | C11: =I11 * (1 + CONFIG!F$1) -> 1.995 | D11: unit | E11: 1 | F11: 1 | G11: frutas | H11: https://obahortifruti.vtexassets.com/arquivos/ids/11482236-630-630 | I11: 1.9
A12: 11 | B12: Mamão Papaia Inteiro | C12: =I12 * (1 + CONFIG!F$1) -> 13.6185 | D12: weight | E12: 1 | F12: 1 | G12: frutas | H12: https://www.confianca.com.br/ccstore/v1/images/?source=/file/v877498626965189657/products/1145142.1.jpg&height=940&width=940 | I12: 12.97
A13: 12 | B13: Abacate - Aproximadamente 800g | C13: =I13 * (1 + CONFIG!F$1) -> 4.158 | D13: weight | E13: 0.8 | F13: 0.8 | G13: frutas | H13: https://www.confianca.com.br/ccstore/v1/images/?source=/file/v7146590641585620104/products/1144618.1.jpg&height=940&width=940 | I13: 3.96
A14: 13 | B14: Tangerina Murcott | C14: =I14 * (1 + CONFIG!F$1) -> 17.8395 | D14: weight | E14: 0.18 | F14: 0.18 | G14: frutas | H14: https://obahortifruti.vtexassets.com/arquivos/ids/11473677-630-630 | I14: 16.99
A15: 14 | C15: =I15 * (1 + CONFIG!F$1) -> 0
A16: 15 | C16: =I16 * (1 + CONFIG!F$1) -> 0
A17: 16 | C17: =I17 * (1 + CONFIG!F$1) -> 0
C18: =I18 * (1 + CONFIG!F$1) -> 0
C19: =I19 * (1 + CONFIG!F$1) -> 0
C20: =I20 * (1 + CONFIG!F$1) -> 0
C21: =I21 * (1 + CONFIG!F$1) -> 0
C22: =I22 * (1 + CONFIG!F$1) -> 0

Sheet BANNERS
A1: id | B1: image | C1: link | D1: title
A2: 1 | B2: https://images.unsplash.com/photo-1625758477730-e228a4b58adb?q=80&w=1470&auto=format&fit=crop&ixlib=rb-4.1.0&ixid=M3wxMjA3fDB8MHxwaG90by1wYWdlfHx8fGVufDB8fHx8fA%3D%3D | D2: Verduras
A3: 2 | B3: https://plus.unsplash.com/premium_photo-1663050620963-e336138514a8?q=80&w=1470&auto=format&fit=crop&ixlib=rb-4.1.0&ixid=M3wxMjA3fDB8MHxwaG90by1wYWdlfHx8fGVufDB8fHx8fA%3D%3D | D3: Verduras
A4: 3 | B4: https://images.unsplash.com/photo-1610832958506-aa56368176cf?q=80&w=1470&auto=format&fit=crop&ixlib=rb-4.1.0&ixid=M3wxMjA3fDB8MHxwaG90by1wYWdlfHx8fGVufDB8fHx8fA%3D%3D | D4: Verduras

Sheet CONFIG
A1: chave | B1: valor | E1: tax | F1: 0.05
A2: frete | B2: 5
A3: pedido_minimo | B3: 15
